selic,ipca,dolar,volume
10.5,0.3,5.0,1000000
10.55,0.32,5.03,1050000
10.6,0.33999999999999997,5.06,1100000
10.65,0.36,5.09,1150000
10.7,0.38,5.12,1200000
10.75,0.4,5.15,1250000
10.8,0.42,5.18,1300000
10.85,0.44,5.21,1350000
10.9,0.45999999999999996,5.24,1400000
10.95,0.48,5.27,1450000
